Episode,Reward,Steps,Loss,Avg_Q,Epsilon,Success,Collision,Termination,Obstacle_Count
1,-25.0,27,0.0,0.0,1.0,0,1,Collision,8
2,-22.0,5,0.0,0.0,0.997,0,1,Collision,8
3,-14.0,8,0.0,0.0,0.994009,0,1,Collision,8
4,-29.0,24,24.655799865722656,0.18980370461940765,0.991026973,0,1,Collision,8
5,-16.0,19,28.108928680419922,-0.25118714570999146,0.988053892081,0,1,Collision,8
6,-22.0,11,21.114734649658203,-0.25118714570999146,0.985089730404757,0,1,Collision,8
7,-18.0,8,20.310163497924805,-0.25118714570999146,0.9821344612135428,0,1,Collision,8
8,-17.0,15,25.388526916503906,-0.25118714570999146,0.9791880578299021,0,1,Collision,8
9,-24.0,13,15.832036972045898,-0.25118714570999146,0.9762504936564125,0,1,Collision,8
10,-19.0,7,26.983545303344727,-0.25118714570999146,0.9733217421754432,0,1,Collision,8
11,-20.0,3,19.81418228149414,-0.25118714570999146,0.9704017769489168,0,1,Collision,8
12,-19.0,8,22.00571060180664,-0.25118714570999146,0.9674905716180701,0,1,Collision,8
13,-22.0,14,30.146800994873047,-0.25118714570999146,0.9645880999032158,0,1,Collision,8
14,-13.0,28,16.441476821899414,-0.25118714570999146,0.9616943356035061,0,1,Collision,8
15,-15.0,11,34.338661193847656,-0.25118714570999146,0.9588092525966956,0,1,Collision,8
16,-22.0,18,28.328048706054688,-2.105567455291748,0.9559328248389055,0,1,Collision,8
17,-20.0,3,18.761089324951172,-2.105567455291748,0.9530650263643888,0,1,Collision,8
18,-20.0,4,24.728614807128906,-2.105567455291748,0.9502058312852957,0,1,Collision,8
19,-28.0,22,32.469764709472656,-2.105567455291748,0.9473552137914398,0,1,Collision,8
20,-18.0,16,22.965309143066406,-2.105567455291748,0.9445131481500655,0,1,Collision,8
21,-14.0,5,19.51803207397461,0.1571739912033081,0.9416796087056153,0,1,Collision,8
22,-20.0,12,10.405668258666992,0.1571739912033081,0.9388545698794984,0,1,Collision,8
23,-21.0,56,10.343734741210938,-4.866572856903076,0.93603800616986,0,1,Collision,8
24,-18.0,16,11.854019165039062,-4.866572856903076,0.9332298921513504,0,1,Collision,8
25,-22.0,14,12.97606086730957,-4.866572856903076,0.9304302024748964,0,1,Collision,8
26,-20.0,8,4.527412414550781,-4.866572856903076,0.9276389118674717,0,1,Collision,8
27,-34.0,25,12.807897567749023,-2.778926372528076,0.9248559951318693,0,1,Collision,8
28,-16.0,20,11.682947158813477,-4.592803001403809,0.9220814271464737,0,1,Collision,8
29,-13.0,12,11.683151245117188,-4.592803001403809,0.9193151828650342,0,1,Collision,8
30,-24.0,7,8.329033851623535,-3.9366395473480225,0.9165572373164391,0,1,Collision,8
31,-21.0,10,13.266824722290039,-2.207972764968872,0.9138075656044898,0,1,Collision,8
32,-17.0,9,15.211099624633789,-2.207972764968872,0.9110661429076764,0,1,Collision,8
33,-18.0,10,8.883225440979004,-2.6795096397399902,0.9083329444789534,0,1,Collision,8
34,-17.0,6,12.031728744506836,-2.6795096397399902,0.9056079456455165,0,1,Collision,8
35,-21.0,12,15.16171932220459,-2.6795096397399902,0.90289112180858,0,1,Collision,8
36,-18.0,4,7.277862548828125,-2.6795096397399902,0.9001824484431542,0,1,Collision,8
37,-21.0,6,7.711879253387451,0.3575715720653534,0.8974819010978248,0,1,Collision,8
38,-20.0,3,9.876474380493164,0.3575715720653534,0.8947894553945313,0,1,Collision,8
39,-16.0,4,11.708085060119629,-0.2847808301448822,0.8921050870283477,0,1,Collision,8
40,-30.0,49,10.283956527709961,-1.048258662223816,0.8894287717672626,0,1,Collision,8
41,-21.0,18,7.376776695251465,-0.8171740770339966,0.8867604854519608,0,1,Collision,8
42,57.0,36,8.954626083374023,-1.1859902143478394,0.884100203995605,1,0,Success,8
43,-23.0,10,10.168207168579102,-1.1859902143478394,0.8814479033836181,0,1,Collision,8
44,-22.0,26,5.161903381347656,-1.1859902143478394,0.8788035596734672,0,1,Collision,8
45,-25.0,36,8.595858573913574,-3.9420793056488037,0.8761671489944468,0,1,Collision,8
46,-19.0,19,14.420356750488281,-3.9420793056488037,0.8735386475474635,0,1,Collision,8
47,-23.0,17,10.236555099487305,1.0785250663757324,0.8709180316048211,0,1,Collision,8
48,-16.0,4,6.343292713165283,0.3738345801830292,0.8683052775100066,0,1,Collision,8
49,-20.0,11,3.400282621383667,-9.323781967163086,0.8657003616774767,0,1,Collision,8
50,-15.0,9,4.702737331390381,1.2793104648590088,0.8631032605924442,0,1,Collision,8
51,-26.0,61,12.09343147277832,-0.005056560039520264,0.860513950810667,0,1,Collision,8
52,-18.0,15,10.643415451049805,-8.163439750671387,0.857932408958235,0,1,Collision,8
53,-24.0,23,8.049671173095703,-2.619720220565796,0.8553586117313603,0,1,Collision,8
54,-17.0,11,6.325730323791504,1.2433377504348755,0.8527925358961662,0,1,Collision,8
55,-18.0,5,15.200799942016602,1.593195915222168,0.8502341582884777,0,1,Collision,8
56,-22.0,11,7.926051139831543,0.07804654538631439,0.8476834558136123,0,1,Collision,8
57,-17.0,10,6.138442039489746,2.136406183242798,0.8451404054461714,0,1,Collision,8
58,-20.0,8,5.75074577331543,1.5896466970443726,0.8426049842298329,0,1,Collision,8
59,-20.0,9,7.765559196472168,-4.956780433654785,0.8400771692771434,0,1,Collision,8
60,-14.0,6,6.063281059265137,-6.265382289886475,0.837556937769312,0,1,Collision,8
61,-17.0,17,11.294208526611328,-8.380159378051758,0.835044266956004,0,1,Collision,8
62,-21.0,6,4.842568397521973,2.3094499111175537,0.8325391341551359,0,1,Collision,8
63,-16.0,8,43.478206634521484,2.58902645111084,0.8300415167526705,0,1,Collision,8
64,-17.0,12,10.152015686035156,2.182907819747925,0.8275513922024125,0,1,Collision,8
65,-13.0,18,7.691700458526611,2.992734909057617,0.8250687380258053,0,1,Collision,8
66,-11.0,10,7.263178825378418,-0.6580886244773865,0.8225935318117279,0,1,Collision,8
67,-20.0,14,6.595685005187988,3.4550695419311523,0.8201257512162927,0,1,Collision,8
68,-18.0,5,6.4182915687561035,3.4550695419311523,0.8176653739626438,0,1,Collision,8
69,-21.0,20,12.106912612915039,2.850811719894409,0.8152123778407558,0,1,Collision,8
70,-13.0,32,9.664546012878418,-8.037601470947266,0.8127667407072335,0,1,Collision,8
71,-16.0,7,6.461825370788574,-8.037601470947266,0.8103284404851119,0,1,Collision,8
72,-30.0,29,7.419407844543457,-0.7908000946044922,0.8078974551636565,0,1,Collision,8
73,-7.0,17,13.828044891357422,-7.537663459777832,0.8054737627981655,0,1,Collision,8
74,-18.0,5,4.153508186340332,3.5700254440307617,0.803057341509771,0,1,Collision,8
75,-17.0,8,7.2369065284729,2.392163038253784,0.8006481694852418,0,1,Collision,8
76,-22.0,35,8.585686683654785,0.6870757937431335,0.798246224976786,0,1,Collision,8
77,-23.0,14,9.619340896606445,0.6059588193893433,0.7958514863018556,0,1,Collision,8
78,58.0,45,41.21904373168945,3.7703921794891357,0.79346393184295,1,0,Success,8
79,-18.0,5,76.91453552246094,3.1810576915740967,0.7910835400474212,0,1,Collision,8
80,-25.0,14,5.7656331062316895,-5.86391544342041,0.7887102894272789,0,1,Collision,8
81,-20.0,12,7.171319007873535,2.12033748626709,0.7863441585589971,0,1,Collision,8
82,-13.0,11,40.65840148925781,2.9635322093963623,0.78398512608332,0,1,Collision,8
83,-22.0,16,37.844364166259766,-2.6855130195617676,0.7816331707050701,0,1,Collision,8
84,-21.0,4,5.050075531005859,-2.6855130195617676,0.7792882711929549,0,1,Collision,8
85,-24.0,26,8.568320274353027,-4.731593132019043,0.776950406379376,0,1,Collision,8
86,-15.0,10,3.837315559387207,-0.6389399766921997,0.7746195551602378,0,1,Collision,8
87,-23.0,18,7.562073230743408,-4.103132724761963,0.7722956964947572,0,1,Collision,8
88,-16.0,11,5.793144226074219,-3.0162463188171387,0.7699788094052729,0,1,Collision,8
89,-12.0,32,7.777399063110352,-2.9199471473693848,0.767668872977057,0,1,Collision,8
90,-18.0,11,10.412156105041504,4.381123065948486,0.7653658663581259,0,1,Collision,8
91,-28.0,22,12.486543655395508,4.537959098815918,0.7630697687590515,0,1,Collision,8
92,-20.0,15,11.474183082580566,-1.7917866706848145,0.7607805594527743,0,1,Collision,8
93,-16.0,15,11.632190704345703,-2.836045980453491,0.7584982177744161,0,1,Collision,8
94,-19.0,9,5.641425132751465,5.657906532287598,0.7562227231210928,0,1,Collision,8
95,-16.0,14,10.034440994262695,-2.7148914337158203,0.7539540549517295,0,1,Collision,8
96,-29.0,32,6.766921520233154,3.6409573554992676,0.7516921927868743,0,1,Collision,8
97,-16.0,8,7.831997871398926,-6.588495254516602,0.7494371162085136,0,1,Collision,8
98,-18.0,15,13.018791198730469,3.344176769256592,0.747188804859888,0,1,Collision,8
99,-10.0,42,7.043350696563721,4.487077713012695,0.7449472384453084,0,1,Collision,8
100,-19.0,17,43.131771087646484,4.068840980529785,0.7427123967299725,0,1,Collision,8
101,-13.0,10,15.887369155883789,6.186009407043457,0.7404842595397826,0,1,Collision,8
102,-23.0,6,9.495500564575195,6.186009407043457,0.7382628067611632,0,1,Collision,8
103,-24.0,30,9.956369400024414,5.099698066711426,0.7360480183408797,0,1,Collision,8
104,-19.0,6,9.657676696777344,5.099698066711426,0.7338398742858571,0,1,Collision,8
105,-18.0,10,8.239134788513184,5.252557754516602,0.7316383546629995,0,1,Collision,8
106,-18.0,12,12.55250358581543,0.31964120268821716,0.7294434395990105,0,1,Collision,8
107,-26.0,38,7.2119951248168945,-7.2209272384643555,0.7272551092802134,0,1,Collision,8
108,-15.0,15,6.523868560791016,-3.6270713806152344,0.7250733439523728,0,1,Collision,8
109,-13.0,32,4.776739120483398,6.302733421325684,0.7228981239205157,0,1,Collision,8
110,-23.0,14,8.192123413085938,0.37933802604675293,0.7207294295487541,0,1,Collision,8
111,-17.0,17,12.716638565063477,5.246409893035889,0.7185672412601078,0,1,Collision,8
112,-18.0,13,7.368503570556641,-1.231472373008728,0.7164115395363275,0,1,Collision,8
113,-28.0,25,14.592227935791016,-1.8946493864059448,0.7142623049177186,0,1,Collision,8
114,-20.0,9,16.235694885253906,-1.8946493864059448,0.7121195180029655,0,1,Collision,8
115,-22.0,17,8.936200141906738,7.542655944824219,0.7099831594489566,0,1,Collision,8
116,-41.0,101,5.395186424255371,-4.180673122406006,0.7078532099706097,0,1,Collision,8
117,-20.0,3,35.07891845703125,-4.180673122406006,0.7057296503406979,0,1,Collision,8
118,-17.0,8,5.798627853393555,5.750766277313232,0.7036124613896758,0,1,Collision,8
119,-20.0,3,8.802119255065918,5.750766277313232,0.7015016240055068,0,1,Collision,8
120,-20.0,3,15.267125129699707,5.750766277313232,0.6993971191334902,0,1,Collision,8
121,-18.0,21,6.077214241027832,7.636580467224121,0.6972989277760897,0,1,Collision,8
122,-19.0,7,9.727776527404785,7.636580467224121,0.6952070309927615,0,1,Collision,8
123,-20.0,15,3.688084602355957,-0.6554732322692871,0.6931214098997832,0,1,Collision,8
124,-20.0,13,11.291082382202148,7.169085502624512,0.6910420456700839,0,1,Collision,8
125,-17.0,11,4.854341983795166,7.323888301849365,0.6889689195330736,0,1,Collision,8
126,-11.0,12,11.763954162597656,6.41384220123291,0.6869020127744744,0,1,Collision,8
127,-21.0,23,4.175984859466553,6.431176662445068,0.684841306736151,0,1,Collision,8
128,-18.0,7,11.280759811401367,6.529970169067383,0.6827867828159425,0,1,Collision,8
129,-16.0,17,1.500391960144043,3.423689842224121,0.6807384224674947,0,1,Collision,8
130,-13.0,21,7.958952903747559,-0.2846705913543701,0.6786962072000923,0,1,Collision,8
131,-17.0,14,6.2374396324157715,7.397437572479248,0.676660118578492,0,1,Collision,8
132,-18.0,13,14.12543773651123,-4.200704097747803,0.6746301382227565,0,1,Collision,8
133,-20.0,21,8.565052032470703,3.9190242290496826,0.6726062478080883,0,1,Collision,8
134,-14.0,5,6.32000207901001,7.984084606170654,0.6705884290646641,0,1,Collision,8
135,-14.0,17,61.4882698059082,4.948840141296387,0.66857666377747,0,1,Collision,8
136,-7.0,23,7.759389400482178,6.891967296600342,0.6665709337861376,0,1,Collision,8
137,-21.0,34,6.470085144042969,-6.577854156494141,0.6645712209847792,0,1,Collision,8
138,-20.0,19,3.0577352046966553,7.988147735595703,0.6625775073218249,0,1,Collision,8
139,-12.0,12,9.302567481994629,0.6836552023887634,0.6605897747998594,0,1,Collision,8
140,-18.0,8,5.779986381530762,2.7848498821258545,0.6586080054754598,0,1,Collision,8
141,-16.0,6,15.197772979736328,6.466686248779297,0.6566321814590335,0,1,Collision,8
142,-17.0,10,5.012585639953613,-0.3069572448730469,0.6546622849146564,0,1,Collision,8
143,-10.0,28,5.215757369995117,3.6792211532592773,0.6526982980599124,0,1,Collision,8
144,-22.0,13,13.884252548217773,-0.5729445219039917,0.6507402031657327,0,1,Collision,8
145,-12.0,13,6.756358623504639,8.828470230102539,0.6487879825562355,0,1,Collision,8
146,-15.0,11,2.668109893798828,9.371737480163574,0.6468416186085668,0,1,Collision,8
147,-20.0,3,7.778623580932617,9.371737480163574,0.6449010937527411,0,1,Collision,8
148,-18.0,19,5.811308860778809,-3.051079750061035,0.6429663904714829,0,1,Collision,8
149,-17.0,16,37.91740417480469,0.6006870269775391,0.6410374913000684,0,1,Collision,8
150,-21.0,18,4.491669654846191,-0.74115389585495,0.6391143788261682,0,1,Collision,8
151,-20.0,3,11.085711479187012,-0.74115389585495,0.6371970356896897,0,1,Collision,8
152,-29.0,44,2.105140209197998,5.189570426940918,0.6352854445826206,0,1,Collision,8
153,-18.0,11,7.62617301940918,-2.067592144012451,0.6333795882488727,0,1,Collision,8
154,-22.0,20,8.65499496459961,6.69885778427124,0.6314794494841262,0,1,Collision,8
155,-18.0,4,6.181705474853516,6.69885778427124,0.6295850111356738,0,1,Collision,8
156,-19.0,9,4.458334445953369,2.3464150428771973,0.6276962561022668,0,1,Collision,8
157,-20.0,20,6.721462726593018,-3.3801028728485107,0.62581316733396,0,1,Collision,8
158,-13.0,11,2.4217896461486816,9.258466720581055,0.623935727831958,0,1,Collision,8
159,-19.0,6,9.897917747497559,10.912750244140625,0.6220639206484622,0,1,Collision,8
160,-24.0,32,4.778188705444336,3.5992839336395264,0.6201977288865168,0,1,Collision,8
161,-11.0,12,17.225318908691406,10.062469482421875,0.6183371356998573,0,1,Collision,8
162,-18.0,12,16.464508056640625,10.062469482421875,0.6164821242927577,0,1,Collision,8
163,-20.0,34,13.25551986694336,4.778312683105469,0.6146326779198794,0,1,Collision,8
164,-23.0,17,9.442008972167969,8.383591651916504,0.6127887798861198,0,1,Collision,8
165,-16.0,16,15.776907920837402,9.606992721557617,0.6109504135464614,0,1,Collision,8
166,-13.0,23,8.308976173400879,-0.47306346893310547,0.609117562305822,0,1,Collision,8
167,-10.0,34,14.291740417480469,2.562715530395508,0.6072902096189046,0,1,Collision,8
168,-16.0,22,4.710921287536621,8.81519889831543,0.6054683389900478,0,1,Collision,8
169,-15.0,12,11.120986938476562,7.396642684936523,0.6036519339730777,0,1,Collision,8
170,-27.0,28,7.589500427246094,10.242971420288086,0.6018409781711584,0,1,Collision,8
171,-20.0,11,3.4585788249969482,11.760039329528809,0.6000354552366449,0,1,Collision,8
172,-12.0,14,14.362689971923828,9.828956604003906,0.598235348870935,0,1,Collision,8
173,-18.0,13,8.614106178283691,3.3496203422546387,0.5964406428243222,0,1,Collision,8
174,-13.0,21,5.549801826477051,3.1534061431884766,0.5946513208958493,0,1,Collision,8
175,-16.0,6,13.096015930175781,11.525644302368164,0.5928673669331617,0,1,Collision,8
176,-14.0,10,8.007367134094238,4.605680465698242,0.5910887648323622,0,1,Collision,8
177,-20.0,45,7.323482513427734,11.283754348754883,0.5893154985378651,0,1,Collision,8
178,-16.0,43,16.286178588867188,11.089452743530273,0.5875475520422515,0,1,Collision,8
179,-19.0,12,10.136323928833008,-1.1513845920562744,0.5857849093861247,0,1,Collision,8
180,67.0,24,5.345823287963867,4.287586212158203,0.5840275546579663,1,0,Success,8
181,-10.0,7,12.055733680725098,12.555219650268555,0.5822754719939924,0,1,Collision,8
182,-7.0,29,5.392158508300781,-3.194521427154541,0.5805286455780104,0,1,Collision,8
183,-18.0,54,6.947707176208496,5.701871871948242,0.5787870596412764,0,1,Collision,8
184,-11.0,16,3.863389015197754,7.754961013793945,0.5770506984623526,0,1,Collision,8
185,-13.0,31,22.34734535217285,12.391642570495605,0.5753195463669655,0,1,Collision,8
186,-22.0,20,10.502586364746094,1.7600343227386475,0.5735935877278646,0,1,Collision,8
187,-10.0,19,15.15796184539795,7.798121452331543,0.571872806964681,0,1,Collision,8
188,-23.0,16,6.876581192016602,-3.8125667572021484,0.5701571885437869,0,1,Collision,8
189,-18.0,17,3.833015203475952,2.3847148418426514,0.5684467169781556,0,1,Collision,8
190,-19.0,24,8.733088493347168,3.932483434677124,0.5667413768272211,0,1,Collision,8
191,-11.0,36,19.225492477416992,9.935667037963867,0.5650411526967395,0,1,Collision,8
192,-6.0,15,9.172404289245605,12.977465629577637,0.5633460292386493,0,1,Collision,8
193,-19.0,9,14.103239059448242,12.980306625366211,0.5616559911509333,0,1,Collision,8
194,-19.0,22,26.3749942779541,13.088897705078125,0.5599710231774805,0,1,Collision,8
195,-20.0,40,17.92487335205078,11.776689529418945,0.5582911101079481,0,1,Collision,8
196,-19.0,44,14.835180282592773,7.3025031089782715,0.5566162367776242,0,1,Collision,8
197,-20.0,13,27.34482765197754,9.609973907470703,0.5549463880672914,0,1,Collision,8
198,-16.0,33,9.720398902893066,9.349650382995605,0.5532815489030894,0,1,Collision,8
199,-14.0,27,4.070501804351807,2.731224536895752,0.5516217042563801,0,1,Collision,8
200,-4.0,21,12.06901741027832,13.669280052185059,0.549966839143611,0,1,Collision,8
201,65.0,47,9.469271659851074,13.570476531982422,0.5483169386261801,1,0,Success,8
202,-11.0,15,6.219730854034424,12.564437866210938,0.5466719878103016,0,1,Collision,8
203,69.0,34,10.010619163513184,14.446184158325195,0.5450319718468707,1,0,Success,8
204,-12.0,24,24.51634979248047,8.562338829040527,0.5433968759313301,0,1,Collision,8
205,-9.0,13,32.42737579345703,12.272357940673828,0.5417666853035361,0,1,Collision,8
206,-14.0,5,20.568300247192383,11.98559856414795,0.5401413852476254,0,1,Collision,8
207,-14.0,10,27.121009826660156,6.578951835632324,0.5385209610918825,0,1,Collision,8
208,-19.0,26,3.237344980239868,3.146977186203003,0.5369053982086068,0,1,Collision,8
209,-14.0,9,7.065990447998047,12.143370628356934,0.535294682013981,0,1,Collision,8
210,-16.0,15,6.190864086151123,10.546586990356445,0.5336887979679391,0,1,Collision,8
211,-16.0,10,8.57418441772461,-2.3163633346557617,0.5320877315740353,0,1,Collision,8
212,-8.0,30,3.8779163360595703,9.833585739135742,0.5304914683793133,0,1,Collision,8
213,-16.0,4,9.598572731018066,14.14734935760498,0.5288999939741753,0,1,Collision,8
214,-17.0,10,25.36912727355957,9.4216947555542,0.5273132939922528,0,1,Collision,8
215,-12.0,85,2.1577396392822266,0.7293297648429871,0.525731354110276,0,1,Collision,8
216,-10.0,11,11.0474214553833,13.570108413696289,0.5241541600479452,0,1,Collision,8
217,78.0,46,9.826139450073242,12.049460411071777,0.5225816975678014,1,0,Success,8
218,-21.0,25,15.874913215637207,-1.9914779663085938,0.521013952475098,0,1,Collision,8
219,-18.0,21,27.823720932006836,-1.210951805114746,0.5194509106176727,0,1,Collision,8
220,-10.0,40,21.373022079467773,8.743969917297363,0.5178925578858197,0,1,Collision,8
221,0.0,25,13.245710372924805,5.308499336242676,0.5163388802121622,0,1,Collision,8
222,66.0,29,4.330386161804199,11.550273895263672,0.5147898635715258,1,0,Success,8
223,-19.0,26,6.751669883728027,4.7176971435546875,0.5132454939808112,0,1,Collision,8
224,-16.0,16,5.307995796203613,12.651823043823242,0.5117057574988688,0,1,Collision,8
225,-12.0,15,15.463197708129883,9.464998245239258,0.5101706402263723,0,1,Collision,8
226,73.0,25,11.52398681640625,14.94268798828125,0.5086401283056932,1,0,Success,8
227,-15.0,20,19.273040771484375,13.024320602416992,0.5071142079207761,0,1,Collision,8
228,-16.0,29,36.83723831176758,13.3377103805542,0.5055928652970137,0,1,Collision,8
229,-12.0,11,10.381027221679688,12.414955139160156,0.5040760867011227,0,1,Collision,8
230,-21.0,24,7.076765537261963,6.896387100219727,0.5025638584410194,0,1,Collision,8
231,-14.0,17,28.25437355041504,13.414539337158203,0.5010561668656963,0,1,Collision,8
232,-14.0,17,17.925411224365234,13.170270919799805,0.49955299836509925,0,1,Collision,8
233,68.0,28,10.562192916870117,13.358501434326172,0.49805433937000393,1,0,Success,8
234,-14.0,15,35.204986572265625,12.394390106201172,0.4965601763518939,0,1,Collision,8
235,-15.0,7,14.75356388092041,12.3496732711792,0.49507049582283824,0,1,Collision,8
236,0.0,33,5.353113174438477,12.999285697937012,0.49358528433536975,0,1,Collision,8
237,-14.0,20,22.911392211914062,13.495773315429688,0.49210452848236363,0,1,Collision,8
238,-11.0,17,5.217859745025635,11.969139099121094,0.49062821489691655,0,1,Collision,8
239,-9.0,44,3.7344863414764404,0.922236442565918,0.4891563302522258,0,1,Collision,8
240,-14.0,10,25.54037094116211,13.326560020446777,0.48768886126146915,0,1,Collision,8
241,-15.0,17,31.71272087097168,13.218482971191406,0.48622579467768473,0,1,Collision,8
242,-3.0,24,23.375762939453125,3.6156325340270996,0.4847671172936517,0,1,Collision,8
243,-16.0,20,16.619524002075195,0.3321940302848816,0.4833128159417707,0,1,Collision,8
244,57.0,69,15.466089248657227,14.622577667236328,0.4818628774939454,1,0,Success,8
245,-16.0,20,16.474178314208984,6.199480056762695,0.48041728886146357,0,1,Collision,8
246,-9.0,23,56.659996032714844,13.414934158325195,0.4789760369948792,0,1,Collision,8
247,-19.0,19,15.47308349609375,15.213293075561523,0.47753910888389456,0,1,Collision,8
248,-20.0,21,12.81059741973877,8.771560668945312,0.4761064915572429,0,1,Collision,8
249,-13.0,19,5.281421184539795,12.026336669921875,0.4746781720825711,0,1,Collision,8
250,-33.0,35,28.396442413330078,14.515670776367188,0.4732541375663234,0,1,Collision,8
251,-9.0,21,20.327245712280273,14.954646110534668,0.4718343751536244,0,1,Collision,8
252,-13.0,21,6.607752323150635,9.889105796813965,0.47041887202816357,0,1,Collision,8
253,-17.0,16,5.238245964050293,13.177766799926758,0.4690076154120791,0,1,Collision,8
254,-2.0,42,12.632768630981445,15.66207504272461,0.46760059256584285,0,1,Collision,8
255,-14.0,5,9.791352272033691,16.072927474975586,0.4661977907881453,0,1,Collision,8
256,-10.0,9,9.47160530090332,14.172870635986328,0.4647991974157809,0,1,Collision,8
257,-15.0,11,3.9480550289154053,2.8075509071350098,0.46340479982353355,0,1,Collision,8
258,-16.0,19,1.9874677658081055,8.944463729858398,0.46201458542406293,0,1,Collision,8
259,78.0,27,5.405371189117432,16.226154327392578,0.4606285416677907,1,0,Success,8
260,-15.0,8,6.938815116882324,-2.091398239135742,0.45924665604278736,0,1,Collision,8
261,-12.0,11,17.935972213745117,11.401884078979492,0.457868916074659,0,1,Collision,8
262,-14.0,10,28.948915481567383,14.431169509887695,0.45649530932643506,0,1,Collision,8
263,60.0,50,11.410687446594238,15.811059951782227,0.45512582339845575,1,0,Success,8
264,-16.0,21,6.000670909881592,1.0918172597885132,0.45376044592826037,0,1,Collision,8
265,68.0,41,26.657670974731445,17.449827194213867,0.4523991645904756,1,0,Success,8
266,-17.0,29,17.556058883666992,7.072196960449219,0.45104196709670413,0,1,Collision,8
267,-20.0,19,14.39880657196045,9.522100448608398,0.449688841195414,0,1,Collision,8
268,-14.0,5,30.85930633544922,14.857492446899414,0.4483397746718278,0,1,Collision,8
269,-13.0,19,9.377741813659668,15.918509483337402,0.4469947553478123,0,1,Collision,8
270,-14.0,17,8.51936149597168,14.725214004516602,0.44565377108176885,0,1,Collision,8
271,-20.0,15,9.333229064941406,9.124263763427734,0.44431680976852356,0,1,Collision,8
272,59.0,32,40.73967361450195,17.019073486328125,0.44298385933921797,1,0,Success,8
273,-12.0,17,21.38642692565918,5.952846527099609,0.4416549077612003,0,1,Collision,8
274,-9.0,96,3.5906076431274414,15.681437492370605,0.4403299430379167,0,1,Collision,8
275,2.0,44,26.02415657043457,15.422576904296875,0.43900895320880295,0,1,Collision,8
276,70.0,35,28.08667755126953,18.017242431640625,0.43769192634917653,1,0,Success,8
277,-22.0,12,7.130249500274658,16.878116607666016,0.436378850570129,0,1,Collision,8
278,-16.0,9,35.40656661987305,15.476322174072266,0.4350697140184186,0,1,Collision,8
279,-12.0,12,2.8027825355529785,16.325450897216797,0.43376450487636337,0,1,Collision,8
280,-7.0,18,14.54730224609375,17.103282928466797,0.43246321136173427,0,1,Collision,8
281,-13.0,17,10.317724227905273,4.887481689453125,0.43116582172764906,0,1,Collision,8
282,-13.0,11,22.418718338012695,16.569074630737305,0.42987232426246613,0,1,Collision,8
283,-14.0,13,10.06244945526123,16.21268081665039,0.42858270728967873,0,1,Collision,8
284,-2.0,33,46.23379898071289,12.39127254486084,0.4272969591678097,0,1,Collision,8
285,54.0,52,17.786212921142578,17.85523223876953,0.4260150682903063,1,0,Success,8
286,-13.0,19,14.479354858398438,16.903852462768555,0.4247370230854354,0,1,Collision,8
287,-15.0,25,12.610734939575195,3.411620616912842,0.4234628120161791,0,1,Collision,8
288,-9.0,16,7.175642967224121,16.38381576538086,0.42219242358013054,0,1,Collision,8
289,-11.0,13,11.875591278076172,14.43384075164795,0.4209258463093902,0,1,Collision,8
290,-15.0,15,35.25166320800781,3.717042922973633,0.419663068770462,0,1,Collision,8
291,-10.0,15,27.911117553710938,10.804373741149902,0.4184040795641506,0,1,Collision,8
292,-11.0,27,26.441186904907227,11.764404296875,0.41714886732545814,0,1,Collision,8
293,-9.0,58,4.92142391204834,4.43005895614624,0.41589742072348174,0,1,Collision,8
294,-7.0,20,17.996360778808594,17.631641387939453,0.4146497284613113,0,1,Collision,8
295,-13.0,13,17.81560516357422,14.310526847839355,0.41340577927592737,0,1,Collision,8
296,-11.0,12,3.849006414413452,6.448192596435547,0.41216556193809956,0,1,Collision,8
297,81.0,63,28.76065444946289,18.9515380859375,0.41092906525228523,1,0,Success,8
298,-15.0,59,4.76439094543457,1.8629754781723022,0.40969627805652836,0,1,Collision,8
299,-7.0,57,37.00065612792969,11.805028915405273,0.40846718922235875,0,1,Collision,8
300,-15.0,11,6.723736763000488,17.602705001831055,0.40724178765469166,0,1,Collision,8
301,-23.0,29,18.870426177978516,6.795351982116699,0.4060200622917276,0,1,Collision,8
302,-13.0,12,2.5238819122314453,17.675247192382812,0.4048020021048524,0,1,Collision,8
303,-17.0,20,23.335702896118164,17.449190139770508,0.40358759609853784,0,1,Collision,8
304,66.0,39,18.95029640197754,16.013290405273438,0.4023768333102422,1,0,Success,8
305,-20.0,27,12.423609733581543,5.559010982513428,0.4011697028103115,0,1,Collision,8
306,-16.0,19,10.260770797729492,18.530975341796875,0.3999661937018806,0,1,Collision,8
307,-18.0,5,14.616633415222168,18.530975341796875,0.39876629512077494,0,1,Collision,8
308,74.0,40,6.740253448486328,20.373016357421875,0.3975699962354126,1,0,Success,8
309,-13.0,15,5.481316566467285,2.9236912727355957,0.3963772862467064,0,1,Collision,8
310,-21.0,16,40.08548355102539,6.362536430358887,0.39518815438796623,0,1,Collision,8
311,68.0,40,5.4320478439331055,20.657052993774414,0.3940025899248023,1,0,Success,8
312,-6.0,18,54.27851867675781,17.170223236083984,0.3928205821550279,0,1,Collision,8
313,2.0,31,9.352682113647461,12.10675048828125,0.39164212040856283,0,1,Collision,8
314,-10.0,9,4.565380096435547,17.449506759643555,0.39046719404733715,0,1,Collision,8
315,65.0,34,11.272228240966797,19.728185653686523,0.38929579246519513,1,0,Success,8
316,-11.0,13,3.6726903915405273,16.533876419067383,0.38812790508779954,0,1,Collision,8
317,-13.0,24,29.018375396728516,17.834217071533203,0.38696352137253615,0,1,Collision,8
318,68.0,27,3.1312930583953857,18.33778953552246,0.38580263080841853,1,0,Success,8
319,-8.0,40,12.932315826416016,13.01077938079834,0.3846452229159933,0,1,Collision,8
320,64.0,55,4.5980329513549805,21.185956954956055,0.3834912872472453,1,0,Success,8
321,-16.0,4,8.761489868164062,19.840652465820312,0.3823408133855036,0,1,Collision,8
322,-20.0,22,33.187294006347656,17.073368072509766,0.38119379094534706,0,1,Collision,8
323,-21.0,22,5.74254846572876,18.4473934173584,0.380050209572511,0,1,Collision,8
324,-14.0,15,36.90287780761719,18.534421920776367,0.3789100589437935,0,1,Collision,8
325,-15.0,29,56.887752532958984,17.814138412475586,0.3777733287669621,0,1,Collision,8
326,-6.0,12,28.3697566986084,19.15032196044922,0.37664000878066123,0,1,Collision,8
327,52.0,65,6.852240085601807,22.1159725189209,0.37551008875431924,1,0,Success,8
328,-15.0,14,26.008081436157227,15.301811218261719,0.37438355848805627,0,1,Collision,8
329,-2.0,35,13.732735633850098,19.815717697143555,0.3732604078125921,0,1,Collision,8
330,-11.0,12,32.05595779418945,18.699764251708984,0.37214062658915437,0,1,Collision,8
331,-12.0,22,8.920884132385254,13.473045349121094,0.3710242047093869,0,1,Collision,8
332,-18.0,10,42.309383392333984,19.327360153198242,0.3699111320952587,0,1,Collision,8
333,-17.0,17,9.363763809204102,18.703832626342773,0.36880139869897294,0,1,Collision,8
334,-11.0,14,31.048656463623047,20.03619384765625,0.367694994502876,0,1,Collision,8
335,-12.0,26,46.39581298828125,18.838632583618164,0.3665919095193674,0,1,Collision,8
336,-16.0,13,5.863894462585449,18.353450775146484,0.36549213379080925,0,1,Collision,8
337,-13.0,24,24.84385871887207,19.360286712646484,0.3643956573894368,0,1,Collision,8
338,-22.0,40,7.729291915893555,3.5007338523864746,0.3633024704172685,0,1,Collision,8
339,-12.0,11,7.779587268829346,19.33209991455078,0.3622125630060167,0,1,Collision,8
340,-18.0,17,33.57707977294922,18.853073120117188,0.3611259253169986,0,1,Collision,8
341,-19.0,13,10.947929382324219,4.938085556030273,0.3600425475410476,0,1,Collision,8
342,-9.0,14,14.54897689819336,16.91059684753418,0.3589624198984244,0,1,Collision,8
343,-7.0,26,49.73057556152344,7.09992790222168,0.35788553263872913,0,1,Collision,8
344,-14.0,20,19.541257858276367,19.949485778808594,0.35681187604081294,0,1,Collision,8
345,-16.0,5,26.052743911743164,22.365299224853516,0.3557414404126905,0,1,Collision,8
346,-17.0,22,16.59040641784668,7.642650604248047,0.35467421609145244,0,1,Collision,8
347,-14.0,16,28.61541748046875,7.362360000610352,0.35361019344317807,0,1,Collision,8
348,-13.0,15,4.235980987548828,4.707698345184326,0.35254936286284855,0,1,Collision,8
349,-8.0,19,25.950695037841797,19.673601150512695,0.35149171477426,0,1,Collision,8
350,-13.0,39,8.883069038391113,15.21972942352295,0.3504372396299372,0,1,Collision,8
351,-17.0,22,32.35936737060547,12.126028060913086,0.3493859279110474,0,1,Collision,8
352,65.0,39,7.261134147644043,22.421279907226562,0.34833777012731426,1,0,Success,8
353,-7.0,31,9.989239692687988,15.187212944030762,0.34729275681693234,0,1,Collision,8
354,-8.0,18,5.438314437866211,19.845230102539062,0.3462508785464815,0,1,Collision,8
355,-20.0,18,3.9288153648376465,21.33349609375,0.34521212591084205,0,1,Collision,8
356,54.0,57,5.932214260101318,23.48815155029297,0.34417648953310953,1,0,Success,8
357,67.0,52,30.887069702148438,24.089202880859375,0.3431439600645102,1,0,Success,8
358,59.0,48,18.02912139892578,22.572568893432617,0.34211452818431665,1,0,Success,8
359,69.0,41,6.421459197998047,20.697982788085938,0.3410881845997637,1,0,Success,8
360,-14.0,12,14.298262596130371,21.40133285522461,0.3400649200459644,0,1,Collision,8
361,-25.0,25,54.75898361206055,11.057113647460938,0.3390447252858265,0,1,Collision,8
362,-19.0,24,25.814359664916992,9.446359634399414,0.33802759110996905,0,1,Collision,8
363,-16.0,6,9.136284828186035,23.35430908203125,0.3370135083366391,0,1,Collision,8
364,-24.0,33,59.20770263671875,15.944838523864746,0.3360024678116292,0,1,Collision,8
365,-17.0,11,26.68793487548828,23.232601165771484,0.3349944604081943,0,1,Collision,8
366,-10.0,33,35.562660217285156,20.604660034179688,0.33398947702696974,0,1,Collision,8
367,-13.0,13,20.37879180908203,22.043014526367188,0.3329875085958888,0,1,Collision,8
368,-16.0,7,5.174278736114502,4.001926422119141,0.33198854607010114,0,1,Collision,8
369,-14.0,17,27.566612243652344,22.52499771118164,0.33099258043189084,0,1,Collision,8
370,-8.0,13,18.52901268005371,22.297222137451172,0.32999960269059514,0,1,Collision,8
371,-15.0,53,44.36075973510742,7.687734603881836,0.32900960388252337,0,1,Collision,8
372,-16.0,22,27.103736877441406,22.566213607788086,0.3280225750708758,0,1,Collision,8
373,61.0,42,5.226654052734375,26.028167724609375,0.32703850734566314,1,0,Success,8
374,-13.0,14,14.18971061706543,11.909491539001465,0.32605739182362614,0,1,Collision,8
375,59.0,50,5.098262310028076,23.326406478881836,0.3250792196481553,1,0,Success,8
376,-22.0,37,6.733742713928223,6.8422040939331055,0.3241039819892108,0,1,Collision,8
377,-19.0,47,9.097909927368164,14.189387321472168,0.32313167004324317,0,1,Collision,8
378,-11.0,18,21.613330841064453,23.080432891845703,0.32216227503311345,0,1,Collision,8
379,-12.0,13,5.165678024291992,21.89337730407715,0.3211957882080141,0,1,Collision,8
380,-5.0,36,18.522125244140625,25.150768280029297,0.32023220084339005,0,1,Collision,8
381,-5.0,57,6.190707683563232,23.237403869628906,0.31927150424085987,0,1,Collision,8
382,80.0,55,36.29326629638672,26.061370849609375,0.3183136897281373,1,0,Success,8
383,-15.0,23,5.1073808670043945,24.113548278808594,0.31735874865895286,0,1,Collision,8
384,-1.0,21,12.905492782592773,19.101139068603516,0.316406672412976,0,1,Collision,8
385,-10.0,32,15.405938148498535,23.124616622924805,0.3154574523957371,0,1,Collision,8
386,-16.0,6,9.094675064086914,24.826290130615234,0.3145110800385499,0,1,Collision,8
387,-4.0,14,50.21363067626953,25.833555221557617,0.31356754679843424,0,1,Collision,8
388,-37.0,49,12.359615325927734,10.359827041625977,0.31262684415803893,0,1,Collision,8
389,3.0,46,43.6938591003418,22.65679168701172,0.3116889636255648,0,1,Collision,8
390,-12.0,16,8.316665649414062,9.526793479919434,0.3107538967346881,0,1,Collision,8
391,-10.0,8,4.575649261474609,26.683547973632812,0.30982163504448407,0,1,Collision,8
392,-15.0,7,38.263031005859375,24.086238861083984,0.3088921701393506,0,1,Collision,8
393,-14.0,20,9.287795066833496,4.03463077545166,0.30796549362893255,0,1,Collision,8
394,59.0,44,5.7517876625061035,27.162395477294922,0.30704159714804574,1,0,Success,8
395,-13.0,12,12.412273406982422,24.397764205932617,0.3061204723566016,0,1,Collision,8
396,-14.0,15,19.832353591918945,7.9382243156433105,0.3052021109395318,0,1,Collision,8
397,-1.0,26,29.469240188598633,25.163427352905273,0.3042865046067132,0,1,Collision,8
398,-22.0,34,33.32172775268555,15.35950756072998,0.30337364509289305,0,1,Collision,8
399,64.0,24,29.072525024414062,27.803253173828125,0.30246352415761435,1,0,Success,8
400,56.0,45,33.82292556762695,27.803693771362305,0.3015561335851415,1,0,Success,8
401,-16.0,11,4.1961350440979,24.690778732299805,0.30065146518438607,0,1,Collision,8
402,-14.0,15,38.855682373046875,18.464702606201172,0.2997495107888329,0,1,Collision,8
403,-39.0,57,41.04265594482422,9.860413551330566,0.2988502622564664,0,1,Collision,8
404,-29.0,44,4.685792922973633,8.517648696899414,0.29795371146969696,0,1,Collision,8
405,72.0,49,10.118972778320312,27.060585021972656,0.29705985033528787,1,0,Success,8
406,-11.0,12,14.140304565429688,24.02450942993164,0.296168670784282,0,1,Collision,8
407,-12.0,17,22.600204467773438,24.968669891357422,0.29528016477192914,0,1,Collision,8
408,69.0,42,23.720386505126953,28.60562515258789,0.29439432427761336,1,0,Success,8
409,79.0,34,47.5485725402832,27.7763729095459,0.2935111413047805,1,0,Success,8
410,68.0,28,16.745634078979492,26.725318908691406,0.29263060788086614,1,0,Success,8
411,72.0,29,29.783641815185547,28.593154907226562,0.2917527160572235,1,0,Success,8
412,-15.0,7,49.82200622558594,25.123533248901367,0.29087745790905184,0,1,Collision,8
413,-18.0,27,24.76913833618164,24.69256591796875,0.2900048255353247,0,1,Collision,8
414,-7.0,37,26.79136848449707,25.571287155151367,0.28913481105871874,0,1,Collision,8
415,-10.0,10,3.377169370651245,24.979412078857422,0.28826740662554257,0,1,Collision,8
416,-9.0,80,12.898672103881836,20.952167510986328,0.28740260440566595,0,1,Collision,8
417,-15.0,26,64.18196105957031,21.93935203552246,0.28654039659244895,0,1,Collision,8
418,-8.0,39,22.79401397705078,22.54473876953125,0.2856807754026716,0,1,Collision,8
419,67.0,28,4.146631717681885,28.536731719970703,0.2848237330764636,1,0,Success,8
420,-15.0,26,29.991607666015625,23.18090057373047,0.2839692618772342,0,1,Collision,8
421,-33.0,42,40.08650207519531,13.423711776733398,0.2831173540916025,0,1,Collision,8
422,-15.0,28,56.33686828613281,22.39366912841797,0.28226800202932767,0,1,Collision,8
423,-11.0,19,6.6764326095581055,8.01030158996582,0.28142119802323967,0,1,Collision,8
424,70.0,24,74.58800506591797,28.724525451660156,0.28057693442917,1,0,Success,8
425,73.0,28,12.187007904052734,29.910324096679688,0.27973520362588244,1,0,Success,8
426,57.0,44,9.114448547363281,28.869007110595703,0.2788959980150048,1,0,Success,8
427,-3.0,24,26.576282501220703,23.898574829101562,0.2780593100209598,0,1,Collision,8
428,76.0,38,5.686385154724121,29.8800048828125,0.2772251320908969,1,0,Success,8
429,-20.0,4,5.97092342376709,29.8800048828125,0.2763934566946242,0,1,Collision,8
430,-14.0,14,6.7865118980407715,25.793495178222656,0.2755642763245403,0,1,Collision,8
431,-16.0,22,14.34628963470459,24.440969467163086,0.27473758349556665,0,1,Collision,8
432,75.0,24,5.536543846130371,30.399450302124023,0.27391337074507993,1,0,Success,8
433,-8.0,11,28.673595428466797,28.593704223632812,0.2730916306328447,0,1,Collision,8
434,61.0,64,22.161602020263672,31.452125549316406,0.27227235574094616,1,0,Success,8
435,-12.0,15,32.44272232055664,26.20546531677246,0.2714555386737233,0,1,Collision,8
436,-11.0,9,11.371110916137695,29.172096252441406,0.2706411720577021,0,1,Collision,8
437,-13.0,12,21.149513244628906,26.653614044189453,0.269829248541529,0,1,Collision,8
438,78.0,41,13.05799674987793,27.616924285888672,0.2690197607959044,1,0,Success,8
439,64.0,36,18.30880355834961,31.2518310546875,0.26821270151351667,1,0,Success,8
440,-17.0,10,35.0315055847168,27.96333885192871,0.2674080634089761,0,1,Collision,8
441,74.0,28,3.686034679412842,30.56695556640625,0.2666058392187492,1,0,Success,8
442,-17.0,8,4.910123825073242,12.939398765563965,0.26580602170109296,0,1,Collision,8
443,-19.0,9,17.4149227142334,27.613502502441406,0.26500860363598966,0,1,Collision,8
444,6.0,28,5.835866928100586,26.45016860961914,0.2642135778250817,0,1,Collision,8
445,-13.0,13,4.373436450958252,26.737884521484375,0.26342093709160647,0,1,Collision,8
446,-13.0,10,25.784244537353516,25.522136688232422,0.26263067428033166,0,1,Collision,8
447,65.0,38,32.10734939575195,30.93787384033203,0.26184278225749064,1,0,Success,8
448,-3.0,57,41.74632263183594,28.747390747070312,0.26105725391071816,0,1,Collision,8
449,-10.0,32,27.430587768554688,23.332988739013672,0.260274082148986,0,1,Collision,8
450,-12.0,9,21.635108947753906,28.966703414916992,0.2594932599025391,0,1,Collision,8
451,-12.0,14,53.52485656738281,26.2149715423584,0.25871478012283144,0,1,Collision,8
452,-14.0,10,57.7308349609375,28.063701629638672,0.25793863578246295,0,1,Collision,8
453,73.0,41,39.43428039550781,28.528926849365234,0.2571648198751156,1,0,Success,8
454,-12.0,16,4.5871686935424805,12.552282333374023,0.25639332541549026,0,1,Collision,8
455,43.0,77,6.917388916015625,19.015262603759766,0.2556241454392438,1,0,Success,8
456,64.0,43,19.16411590576172,31.36511993408203,0.25485727300292604,1,0,Success,8
457,-5.0,20,8.689083099365234,29.49034881591797,0.25409270118391725,0,1,Collision,8
458,-19.0,27,28.38595199584961,25.704971313476562,0.2533304230803655,0,1,Collision,8
459,-13.0,33,4.572389602661133,9.777338027954102,0.25257043181112443,0,1,Collision,8
460,-14.0,10,15.96347427368164,11.26276969909668,0.25181272051569104,0,1,Collision,8
461,-24.0,38,14.491692543029785,13.338739395141602,0.251057282354144,0,1,Collision,8
462,-17.0,29,16.541278839111328,10.38514518737793,0.25030411050708157,0,1,Collision,8
463,-18.0,24,17.304048538208008,13.926088333129883,0.24955319817556032,0,1,Collision,8
464,-8.0,13,48.6432991027832,28.191608428955078,0.24880453858103363,0,1,Collision,8
465,-12.0,21,38.11494445800781,22.35736083984375,0.24805812496529053,0,1,Collision,8
466,78.0,47,8.287214279174805,32.38042449951172,0.24731395059039465,1,0,Success,8
467,-16.0,20,25.694913864135742,4.447216987609863,0.24657200873862348,0,1,Collision,8
468,-9.0,15,15.581819534301758,29.12070083618164,0.2458322927124076,0,1,Collision,8
469,2.0,32,3.572329044342041,25.055156707763672,0.24509479583427038,0,1,Collision,8
470,59.0,56,24.759490966796875,33.432857513427734,0.24435951144676757,1,0,Success,8
471,72.0,34,10.347823143005371,34.0714111328125,0.24362643291242728,1,0,Success,8
472,-15.0,17,65.33987426757812,28.42953872680664,0.24289555361369,0,1,Collision,8
473,-10.0,9,64.55391693115234,31.89948081970215,0.24216686695284892,0,1,Collision,8
474,78.0,35,57.84777069091797,34.09440231323242,0.24144036635199037,1,0,Success,8
475,79.0,38,12.417619705200195,34.373146057128906,0.24071604525293439,1,0,Success,8
476,-16.0,22,14.585451126098633,25.76698875427246,0.2399938971171756,0,1,Collision,8
477,-12.0,20,39.2758903503418,26.862829208374023,0.23927391542582405,0,1,Collision,8
478,-16.0,9,15.256093978881836,29.660533905029297,0.23855609367954658,0,1,Collision,8
479,-24.0,29,11.545980453491211,12.554007530212402,0.23784042539850794,0,1,Collision,8
480,-17.0,31,8.505350112915039,16.7042236328125,0.2371269041223124,0,1,Collision,8
481,-13.0,10,30.56108283996582,21.793432235717773,0.23641552340994548,0,1,Collision,8
482,-9.0,13,11.444174766540527,23.492046356201172,0.23570627683971565,0,1,Collision,8
483,72.0,32,24.03316307067871,33.32691955566406,0.2349991580091965,1,0,Success,8
484,69.0,53,15.204571723937988,33.31333923339844,0.2342941605351689,1,0,Success,8
485,-20.0,36,54.403289794921875,15.170217514038086,0.23359127805356342,0,1,Collision,8
486,-20.0,13,18.673704147338867,6.35689640045166,0.23289050421940272,0,1,Collision,8
487,-12.0,30,102.46514892578125,30.480527877807617,0.2321918327067445,0,1,Collision,8
488,-22.0,28,6.682926177978516,18.275171279907227,0.23149525720862427,0,1,Collision,8
489,85.0,47,43.32878494262695,33.650508880615234,0.2308007714369984,1,0,Success,8
490,-18.0,48,26.66607666015625,17.386287689208984,0.2301083691226874,0,1,Collision,8
491,-4.0,45,51.837772369384766,20.678586959838867,0.22941804401531934,0,1,Collision,8
492,-10.0,7,10.986408233642578,32.22585678100586,0.2287297898832734,0,1,Collision,8
493,71.0,33,36.229103088378906,32.783050537109375,0.22804360051362357,1,0,Success,8
494,76.0,22,91.19538116455078,34.63495635986328,0.2273594697120827,1,0,Success,8
495,-23.0,37,6.066861152648926,15.834829330444336,0.22667739130294645,0,1,Collision,8
496,71.0,38,33.296260833740234,33.16818618774414,0.22599735912903762,1,0,Success,8
497,72.0,25,14.790234565734863,34.812400817871094,0.2253193670516505,1,0,Success,8
498,-6.0,41,15.07368278503418,10.092782974243164,0.22464340895049556,0,1,Collision,8
499,69.0,45,27.267820358276367,34.10244369506836,0.22396947872364406,1,0,Success,8
500,74.0,74,32.10353088378906,34.717010498046875,0.22329757028747313,1,0,Success,8
501,-14.0,17,3.676509380340576,30.36418914794922,0.2226276775766107,0,1,Collision,8
502,-38.0,72,5.777547836303711,31.61518669128418,0.22195979454388087,0,1,Collision,8
503,70.0,44,26.921615600585938,35.81258773803711,0.22129391516024924,1,0,Success,8
504,-7.0,15,6.999239921569824,17.623538970947266,0.2206300334147685,0,1,Collision,8
505,63.0,66,29.27225685119629,33.77861404418945,0.2199681433145242,1,0,Success,8
506,65.0,38,43.810394287109375,36.585914611816406,0.21930823888458062,1,0,Success,8
507,76.0,37,65.02908325195312,36.0240478515625,0.21865031416792688,1,0,Success,8
508,63.0,59,18.39044952392578,35.710357666015625,0.2179943632254231,1,0,Success,8
509,62.0,62,49.72869110107422,35.314979553222656,0.21734038013574683,1,0,Success,8
510,-15.0,21,14.981182098388672,33.153846740722656,0.21668835899533959,0,1,Collision,8
511,0.0,62,13.99099349975586,31.626564025878906,0.21603829391835358,0,1,Collision,8
512,74.0,23,11.312618255615234,37.77793502807617,0.21539017903659852,1,0,Success,8
513,-24.0,33,76.29754638671875,30.944103240966797,0.21474400849948871,0,1,Collision,8
514,-21.0,26,15.576017379760742,28.73902130126953,0.21409977647399026,0,1,Collision,8
515,59.0,63,14.863180160522461,36.577354431152344,0.21345747714456828,1,0,Success,8
516,-16.0,7,51.84465026855469,31.652996063232422,0.21281710471313459,0,1,Collision,8
517,-4.0,50,29.061086654663086,27.775981903076172,0.2121786533989952,0,1,Collision,8
518,-10.0,7,29.5712890625,34.14221954345703,0.2115421174387982,0,1,Collision,8
519,71.0,20,11.041516304016113,34.58226776123047,0.2109074910864818,1,0,Success,8
520,79.0,47,30.566146850585938,37.20949935913086,0.21027476861322236,1,0,Success,8
521,74.0,24,11.206710815429688,36.92701721191406,0.2096439443073827,1,0,Success,8
522,71.0,32,47.187049865722656,37.235626220703125,0.20901501247446055,1,0,Success,8
523,49.0,69,20.913681030273438,37.61922073364258,0.20838796743703716,1,0,Success,8
